{
  "baseline": {
    "BLEU-1": 0.3293,
    "BLEU-2": 0.158,
    "BLEU-3": 0.0889,
    "BLEU-4": 0.0395,
    "METEOR": 0.0947,
    "ROUGE-L": 0.2693,
    "CIDEr": 0.2532
  },
  "finetuned": {
    "BLEU-1": 0.8527,
    "BLEU-2": 0.7421,
    "BLEU-3": 0.6564,
    "BLEU-4": 0.5848,
    "METEOR": 0.4093,
    "ROUGE-L": 0.75,
    "CIDEr": 2.2074
  },
  "caption_strategy": {
    "random": {
      "BLEU-1": 0.8276,
      "BLEU-2": 0.7076,
      "BLEU-3": 0.6129,
      "BLEU-4": 0.5319,
      "METEOR": 0.3772,
      "ROUGE-L": 0.7133,
      "CIDEr": 1.8283
    },
    "first": {
      "BLEU-1": 0.7577,
      "BLEU-2": 0.6292,
      "BLEU-3": 0.5394,
      "BLEU-4": 0.4735,
      "METEOR": 0.3634,
      "ROUGE-L": 0.6483,
      "CIDEr": 1.4158
    },
    "longest": {
      "BLEU-1": 0.7669,
      "BLEU-2": 0.6598,
      "BLEU-3": 0.5857,
      "BLEU-4": 0.5264,
      "METEOR": 0.3987,
      "ROUGE-L": 0.6747,
      "CIDEr": 1.4194
    },
    "concat": {
      "BLEU-1": 0.3891,
      "BLEU-2": 0.3796,
      "BLEU-3": 0.3542,
      "BLEU-4": 0.323,
      "METEOR": 0.3373,
      "ROUGE-L": 0.3919,
      "CIDEr": 0.0
    }
  },
  "qualitative_indices": [
    0,
    1,
    2,
    3,
    4,
    5,
    6,
    7
  ],
  "peft_methods": {
    "D_rslora_lora_plus_stack": {
      "BLEU-1": 0.8276,
      "BLEU-2": 0.7076,
      "BLEU-3": 0.6129,
      "BLEU-4": 0.5319,
      "METEOR": 0.3772,
      "ROUGE-L": 0.7133,
      "CIDEr": 1.8283
    },
    "A_vanilla_lora": {
      "BLEU-1": 0.8587360594763616,
      "BLEU-2": 0.728993087793648,
      "BLEU-3": 0.6195498562732733,
      "BLEU-4": 0.5282021860383026,
      "METEOR": 0.355490804180378,
      "ROUGE-L": 0.6919566830770411,
      "CIDEr": 1.9322919751252916
    },
    "B_rslora_only": {
      "BLEU-1": 0.8197907456175776,
      "BLEU-2": 0.6919961885795672,
      "BLEU-3": 0.5959463995727778,
      "BLEU-4": 0.5128822827289339,
      "METEOR": 0.3659914643622028,
      "ROUGE-L": 0.7007540056346651,
      "CIDEr": 2.089889807909266
    },
    "C_lora_plus_only": {
      "BLEU-1": 0.834862385319569,
      "BLEU-2": 0.7041716120083938,
      "BLEU-3": 0.6011883305725692,
      "BLEU-4": 0.5141141567978295,
      "METEOR": 0.3641004306300373,
      "ROUGE-L": 0.6953799587523903,
      "CIDEr": 1.9026908346918707
    },
    "E_dora_stack": {
      "BLEU-1": 0.8459097152988994,
      "BLEU-2": 0.7182084616904472,
      "BLEU-3": 0.6169393215807627,
      "BLEU-4": 0.5304379050328415,
      "METEOR": 0.38529003126634503,
      "ROUGE-L": 0.7149348813214407,
      "CIDEr": 1.9788323767862965
    },
    "F_eva_stack": {
      "error": "No module named 'peft.utils.eva'"
    },
    "G_corda_kpm_stack": {
      "BLEU-1": 0.8540251615445188,
      "BLEU-2": 0.7275795453419004,
      "BLEU-3": 0.6264627466854967,
      "BLEU-4": 0.5429755644460537,
      "METEOR": 0.38562365824878214,
      "ROUGE-L": 0.7053591462985009,
      "CIDEr": 1.9890762996789233
    }
  }
}