{
  "baseline": {
    "BLEU-1": 0.27335761977363443,
    "BLEU-2": 0.12068522337442152,
    "BLEU-3": 0.050320688185617836,
    "BLEU-4": 4.6483129889885435e-06,
    "METEOR": 0.07532543338287752,
    "ROUGE-L": 0.22283509374496702,
    "CIDEr": 0.17175235637873837
  },
  "finetuned": {
    "BLEU-1": 0.8509818315285647,
    "BLEU-2": 0.7276227369300796,
    "BLEU-3": 0.6298780447454168,
    "BLEU-4": 0.5478959206424371,
    "METEOR": 0.3882333456529897,
    "ROUGE-L": 0.7231864490777841,
    "CIDEr": 2.094554543060529
  }
}